,kalshi_name,polymarket_name,arbitrage_pct,profit_pct,kalshi_stake,polymarket_stake,daily_pct_return
92,"Top Album on Weekly Top Albums USA on Jul 24, 2025?",Will Travis Scott's album 'JACKBOYS 2' have over 250k sales in its first week?,0.0635,0.9365,0.9448818897637795,0.05511811023622047,0.3915818337417316
235,"Dogecoin price  on Jul 23, 2025?",Dogecoin above $0.25 on July 25?,0.515,0.485,0.34951456310679613,0.6504854368932039,0.21860576069539395
298,"Dogecoin price range  on Jul 23, 2025?",Dogecoin above $0.25 on July 25?,0.585,0.41500000000000004,0.4273504273504274,0.5726495726495727,0.18953772533703184
257,"Dogecoin price  on Jul 23, 2025?",Dogecoin above $0.25 on July 25?,0.635,0.365,0.47244094488188976,0.5275590551181103,0.16833214455479228
282,"Dogecoin price  on Jul 23, 2025?",Dogecoin above $0.25 on July 25?,0.635,0.365,0.47244094488188976,0.5275590551181103,0.16833214455479228
253,"Dogecoin price  on Jul 23, 2025?",Dogecoin above $0.25 on July 25?,0.635,0.365,0.47244094488188976,0.5275590551181103,0.16833214455479228
254,"Dogecoin price  on Jul 23, 2025?",Dogecoin above $0.25 on July 25?,0.635,0.365,0.47244094488188976,0.5275590551181103,0.16833214455479228
15,The Fantastic Four: First Steps Rotten Tomatoes score?,"""The Fantastic Four: First Steps"" Rotten Tomatoes score 90+%?",0.027999999999999997,0.972,0.35714285714285715,0.6428571428571429,0.14546383521681028
10,The Fantastic Four: First Steps Rotten Tomatoes score?,"""The Fantastic Four: First Steps"" Rotten Tomatoes score 90+%?",0.027999999999999997,0.972,0.35714285714285715,0.6428571428571429,0.14546383521681028
17,The Fantastic Four: First Steps Rotten Tomatoes score?,"""The Fantastic Four: First Steps"" Rotten Tomatoes score 90+%?",0.038,0.962,0.5263157894736842,0.47368421052631576,0.14429974354763986
14,The Fantastic Four: First Steps Rotten Tomatoes score?,"""The Fantastic Four: First Steps"" Rotten Tomatoes score 90+%?",0.078,0.922,0.7692307692307692,0.23076923076923078,0.13959537148753687
81,"Will the top Song on Jul 23, 2025 be Don't Tap That Glass / Tweakin'?","Will Tyler, The Creator's album 'DON'T TAP THE GLASS' have over 200k sales by July 25?",0.06999999999999999,0.93,0.14285714285714288,0.8571428571428572,0.11581677140733326
205,"Billboard 200 #2 on Aug 2, 2025 chart?","Will Tyler, The Creator's album 'DON'T TAP THE GLASS' have over 200k sales by July 25?",0.1,0.9,0.4,0.5999999999999999,0.11290715229536152
319,"Dogecoin price range  on Jul 23, 2025?",Dogecoin above $0.25 on July 25?,0.795,0.20499999999999996,0.16352201257861634,0.8364779874213836,0.09772492000500743
240,"Dogecoin price  on Jul 23, 2025?",Dogecoin above $0.25 on July 25?,0.8150000000000001,0.18499999999999994,0.18404907975460122,0.8159509202453987,0.08857705285386208
239,"Dogecoin price range  on Jul 23, 2025?",Dogecoin above $0.25 on July 25?,0.8150000000000001,0.18499999999999994,0.18404907975460122,0.8159509202453987,0.08857705285386208
12,The Fantastic Four: First Steps Rotten Tomatoes score?,"""The Fantastic Four: First Steps"" Rotten Tomatoes score 90+%?",0.47800000000000004,0.522,0.9623430962343096,0.03765690376569038,0.08763438840195215
211,"What will be the most streamed song on DON'T TAP THE GLASS by Aug 1, 2025?","Will Tyler, The Creator's album 'DON'T TAP THE GLASS' have over 200k sales by July 25?",0.16,0.84,0.625,0.37499999999999994,0.07009960206121746
383,"Dogecoin price  on Jul 23, 2025?",Will Dogecoin dip to $0.06 in July?,0.1805,0.8195,0.997229916897507,0.002770083102493075,0.06876829557135267
357,"Dogecoin price  on Jul 23, 2025?",Will Dogecoin dip to $0.12 in July?,0.183,0.817,0.9836065573770493,0.01639344262295082,0.06860503009491525
294,"Dogecoin price  on Jul 23, 2025?",Will Dogecoin reach $0.38 in July?,0.20149999999999998,0.7985,0.893300248138958,0.10669975186104218,0.06739062114065364
315,"Dogecoin price range  on Jul 23, 2025?",Dogecoin above $0.25 on July 25?,0.865,0.135,0.23121387283236994,0.7687861271676301,0.06536378763312589
224,"Dogecoin price range  on Jul 24, 2025?",Dogecoin above $0.25 on July 25?,0.865,0.135,0.23121387283236994,0.7687861271676301,0.06536378763312589
291,"Dogecoin price range  on Jul 23, 2025?",Dogecoin above $0.25 on July 25?,0.865,0.135,0.23121387283236994,0.7687861271676301,0.06536378763312589
255,"Dogecoin price range  on Jul 23, 2025?",Dogecoin above $0.25 on July 25?,0.865,0.135,0.23121387283236994,0.7687861271676301,0.06536378763312589
249,"Dogecoin price range  on Jul 23, 2025?",Dogecoin above $0.25 on July 25?,0.865,0.135,0.23121387283236994,0.7687861271676301,0.06536378763312589
238,"Dogecoin price range  on Jul 24, 2025?",Dogecoin above $0.25 on July 25?,0.865,0.135,0.23121387283236994,0.7687861271676301,0.06536378763312589
243,"Dogecoin price range  on Jul 24, 2025?",Dogecoin above $0.25 on July 25?,0.865,0.135,0.23121387283236994,0.7687861271676301,0.06536378763312589
241,"Dogecoin price range  on Jul 23, 2025?",Dogecoin above $0.25 on July 25?,0.865,0.135,0.23121387283236994,0.7687861271676301,0.06536378763312589
306,"Dogecoin price range  on Jul 23, 2025?",Dogecoin above $0.25 on July 25?,0.865,0.135,0.23121387283236994,0.7687861271676301,0.06536378763312589
246,"Dogecoin price range  on Jul 23, 2025?",Dogecoin above $0.25 on July 25?,0.865,0.135,0.23121387283236994,0.7687861271676301,0.06536378763312589
219,"Dogecoin price range  on Jul 24, 2025?",Dogecoin above $0.25 on July 25?,0.865,0.135,0.23121387283236994,0.7687861271676301,0.06536378763312589
234,"Dogecoin price range  on Jul 24, 2025?",Dogecoin above $0.25 on July 25?,0.865,0.135,0.23121387283236994,0.7687861271676301,0.06536378763312589
237,"Dogecoin price range  on Jul 23, 2025?",Dogecoin above $0.25 on July 25?,0.865,0.135,0.23121387283236994,0.7687861271676301,0.06536378763312589
220,"Dogecoin price range  on Jul 24, 2025?",Dogecoin above $0.25 on July 25?,0.865,0.135,0.23121387283236994,0.7687861271676301,0.06536378763312589
222,"Dogecoin price range  on Jul 24, 2025?",Dogecoin above $0.25 on July 25?,0.865,0.135,0.23121387283236994,0.7687861271676301,0.06536378763312589
218,"Dogecoin price range  on Jul 24, 2025?",Dogecoin above $0.25 on July 25?,0.865,0.135,0.23121387283236994,0.7687861271676301,0.06536378763312589
367,"Dogecoin price range  on Jul 23, 2025?",Will Dogecoin dip to $0.12 in July?,0.253,0.747,0.9881422924901185,0.011857707509881424,0.06395052667255774
317,"Dogecoin price range  on Jul 23, 2025?",Will Dogecoin reach $0.38 in July?,0.2715,0.7284999999999999,0.9208103130755064,0.07918968692449353,0.06269272948145721
372,"Dogecoin price  on Jul 23, 2025?",Will Dogecoin dip to $0.06 in July?,0.3005,0.6995,0.9983361064891847,0.0016638935108153079,0.060696756901796434
375,"Dogecoin price  on Jul 23, 2025?",Will Dogecoin dip to $0.06 in July?,0.3005,0.6995,0.9983361064891847,0.0016638935108153079,0.060696756901796434
385,"Dogecoin price  on Jul 23, 2025?",Will Dogecoin dip to $0.06 in July?,0.3005,0.6995,0.9983361064891847,0.0016638935108153079,0.060696756901796434
386,"Dogecoin price  on Jul 23, 2025?",Will Dogecoin dip to $0.06 in July?,0.3005,0.6995,0.9983361064891847,0.0016638935108153079,0.060696756901796434
356,"Dogecoin price  on Jul 23, 2025?",Will Dogecoin dip to $0.12 in July?,0.303,0.6970000000000001,0.9900990099009901,0.009900990099009903,0.060523275997332426
326,"Dogecoin price  on Jul 23, 2025?",Will Dogecoin dip to $0.12 in July?,0.303,0.6970000000000001,0.9900990099009901,0.009900990099009903,0.060523275997332426
350,"Dogecoin price  on Jul 23, 2025?",Will Dogecoin dip to $0.12 in July?,0.303,0.6970000000000001,0.9900990099009901,0.009900990099009903,0.060523275997332426
330,"Dogecoin price  on Jul 23, 2025?",Will Dogecoin dip to $0.12 in July?,0.303,0.6970000000000001,0.9900990099009901,0.009900990099009903,0.060523275997332426
296,"Dogecoin price  on Jul 23, 2025?",Will Dogecoin reach $0.38 in July?,0.3215,0.6785,0.9331259720062207,0.06687402799377916,0.059232409854183654
301,"Dogecoin price  on Jul 23, 2025?",Will Dogecoin reach $0.38 in July?,0.3215,0.6785,0.9331259720062207,0.06687402799377916,0.059232409854183654
274,"Dogecoin price  on Jul 23, 2025?",Will Dogecoin reach $0.38 in July?,0.3215,0.6785,0.9331259720062207,0.06687402799377916,0.059232409854183654
272,"Dogecoin price  on Jul 23, 2025?",Will Dogecoin reach $0.38 in July?,0.3215,0.6785,0.9331259720062207,0.06687402799377916,0.059232409854183654
348,"Dogecoin price  on Jul 24, 2025?",Will Dogecoin dip to $0.06 in July?,0.6004999999999999,0.3995000000000001,0.9991673605328893,0.0008326394671107412,0.03805224354099446
362,"Dogecoin price  on Jul 24, 2025?",Will Dogecoin dip to $0.06 in July?,0.6004999999999999,0.3995000000000001,0.9991673605328893,0.0008326394671107412,0.03805224354099446
360,"Dogecoin price  on Jul 24, 2025?",Will Dogecoin dip to $0.06 in July?,0.6004999999999999,0.3995000000000001,0.9991673605328893,0.0008326394671107412,0.03805224354099446
332,"Dogecoin price  on Jul 24, 2025?",Will Dogecoin dip to $0.06 in July?,0.6004999999999999,0.3995000000000001,0.9991673605328893,0.0008326394671107412,0.03805224354099446
331,"Dogecoin price  on Jul 24, 2025?",Will Dogecoin dip to $0.06 in July?,0.6004999999999999,0.3995000000000001,0.9991673605328893,0.0008326394671107412,0.03805224354099446
287,"Dogecoin price  on Jul 24, 2025?",Will Dogecoin dip to $0.12 in July?,0.603,0.397,0.9950248756218905,0.0049751243781094535,0.03784604344631548
313,"Dogecoin price  on Jul 24, 2025?",Will Dogecoin dip to $0.12 in July?,0.603,0.397,0.9950248756218905,0.0049751243781094535,0.03784604344631548
316,"Dogecoin price  on Jul 24, 2025?",Will Dogecoin dip to $0.12 in July?,0.603,0.397,0.9950248756218905,0.0049751243781094535,0.03784604344631548
307,"Dogecoin price  on Jul 24, 2025?",Will Dogecoin dip to $0.12 in July?,0.603,0.397,0.9950248756218905,0.0049751243781094535,0.03784604344631548
286,"Dogecoin price  on Jul 24, 2025?",Will Dogecoin dip to $0.12 in July?,0.603,0.397,0.9950248756218905,0.0049751243781094535,0.03784604344631548
276,"Dogecoin price  on Jul 24, 2025?",Will Dogecoin reach $0.38 in July?,0.6214999999999999,0.37850000000000006,0.9654062751407884,0.03459372485921158,0.036309885958745625
302,"Dogecoin price  on Jul 24, 2025?",Will Dogecoin reach $0.38 in July?,0.6214999999999999,0.37850000000000006,0.9654062751407884,0.03459372485921158,0.036309885958745625
280,"Dogecoin price  on Jul 24, 2025?",Will Dogecoin reach $0.38 in July?,0.6214999999999999,0.37850000000000006,0.9654062751407884,0.03459372485921158,0.036309885958745625
295,"Dogecoin price  on Jul 24, 2025?",Will Dogecoin reach $0.38 in July?,0.6214999999999999,0.37850000000000006,0.9654062751407884,0.03459372485921158,0.036309885958745625
270,"Dogecoin price  on Jul 24, 2025?",Will Dogecoin reach $0.38 in July?,0.6214999999999999,0.37850000000000006,0.9654062751407884,0.03459372485921158,0.036309885958745625
134,"Billboard Top 200 #1 on Aug 9, 2025 chart?","Will Tyler, The Creator's album 'DON'T TAP THE GLASS' have over 200k sales by July 25?",0.47000000000000003,0.53,0.8723404255319148,0.12765957446808507,0.036074422814157625
228,"Dogecoin price  on Jul 24, 2025?",Dogecoin above $0.25 on July 25?,0.935,0.06499999999999995,0.641711229946524,0.358288770053476,0.0319883720275147
232,"Dogecoin price  on Jul 24, 2025?",Dogecoin above $0.25 on July 25?,0.935,0.06499999999999995,0.641711229946524,0.358288770053476,0.0319883720275147
251,"Dogecoin price  on Jul 24, 2025?",Dogecoin above $0.25 on July 25?,0.935,0.06499999999999995,0.641711229946524,0.358288770053476,0.0319883720275147
221,"Dogecoin price  on Jul 24, 2025?",Dogecoin above $0.25 on July 25?,0.935,0.06499999999999995,0.641711229946524,0.358288770053476,0.0319883720275147
230,"Dogecoin price  on Jul 24, 2025?",Dogecoin above $0.25 on July 25?,0.935,0.06499999999999995,0.641711229946524,0.358288770053476,0.0319883720275147
200,"Billboard 200 #2 on Aug 9, 2025 chart?","Will Tyler, The Creator's album 'DON'T TAP THE GLASS' have over 200k sales by July 25?",0.6599999999999999,0.3400000000000001,0.9090909090909092,0.09090909090909091,0.0246889821501326
16,The Fantastic Four: First Steps Rotten Tomatoes score?,"""The Fantastic Four: First Steps"" Rotten Tomatoes score 90+%?",0.878,0.122,0.979498861047836,0.02050113895216401,0.023289626153923715
380,"Dogecoin price  on Jul 23, 2025?",Will Dogecoin dip to $0.06 in July?,0.7904999999999999,0.20950000000000013,0.9993674889310563,0.0006325110689437066,0.021359023841130087
377,"Dogecoin price  on Jul 23, 2025?",Will Dogecoin dip to $0.06 in July?,0.7904999999999999,0.20950000000000013,0.9993674889310563,0.0006325110689437066,0.021359023841130087
373,"Dogecoin price  on Jul 23, 2025?",Will Dogecoin dip to $0.06 in July?,0.7904999999999999,0.20950000000000013,0.9993674889310563,0.0006325110689437066,0.021359023841130087
379,"Dogecoin price  on Jul 23, 2025?",Will Dogecoin dip to $0.06 in July?,0.7904999999999999,0.20950000000000013,0.9993674889310563,0.0006325110689437066,0.021359023841130087
323,"Dogecoin price  on Jul 24, 2025?",Will Dogecoin dip to $0.06 in July?,0.7904999999999999,0.20950000000000013,0.9993674889310563,0.0006325110689437066,0.021359023841130087
325,"Dogecoin price  on Jul 24, 2025?",Will Dogecoin dip to $0.06 in July?,0.7904999999999999,0.20950000000000013,0.9993674889310563,0.0006325110689437066,0.021359023841130087
354,"Dogecoin price  on Jul 24, 2025?",Will Dogecoin dip to $0.06 in July?,0.7904999999999999,0.20950000000000013,0.9993674889310563,0.0006325110689437066,0.021359023841130087
338,"Dogecoin price  on Jul 24, 2025?",Will Dogecoin dip to $0.06 in July?,0.7904999999999999,0.20950000000000013,0.9993674889310563,0.0006325110689437066,0.021359023841130087
361,"Dogecoin price  on Jul 24, 2025?",Will Dogecoin dip to $0.06 in July?,0.7904999999999999,0.20950000000000013,0.9993674889310563,0.0006325110689437066,0.021359023841130087
374,"Dogecoin price  on Jul 23, 2025?",Will Dogecoin dip to $0.06 in July?,0.7904999999999999,0.20950000000000013,0.9993674889310563,0.0006325110689437066,0.021359023841130087
353,"Dogecoin price  on Jul 24, 2025?",Will Dogecoin dip to $0.06 in July?,0.7904999999999999,0.20950000000000013,0.9993674889310563,0.0006325110689437066,0.021359023841130087
387,"Dogecoin price  on Jul 23, 2025?",Will Dogecoin dip to $0.06 in July?,0.7904999999999999,0.20950000000000013,0.9993674889310563,0.0006325110689437066,0.021359023841130087
364,"Dogecoin price  on Jul 23, 2025?",Will Dogecoin dip to $0.06 in July?,0.7904999999999999,0.20950000000000013,0.9993674889310563,0.0006325110689437066,0.021359023841130087
371,"Dogecoin price  on Jul 24, 2025?",Will Dogecoin dip to $0.06 in July?,0.7904999999999999,0.20950000000000013,0.9993674889310563,0.0006325110689437066,0.021359023841130087
390,"Dogecoin price  on Jul 23, 2025?",Will Dogecoin dip to $0.06 in July?,0.7904999999999999,0.20950000000000013,0.9993674889310563,0.0006325110689437066,0.021359023841130087
388,"Dogecoin price  on Jul 24, 2025?",Will Dogecoin dip to $0.06 in July?,0.7904999999999999,0.20950000000000013,0.9993674889310563,0.0006325110689437066,0.021359023841130087
335,"Dogecoin price  on Jul 24, 2025?",Will Dogecoin dip to $0.06 in July?,0.7904999999999999,0.20950000000000013,0.9993674889310563,0.0006325110689437066,0.021359023841130087
336,"Dogecoin price  on Jul 24, 2025?",Will Dogecoin dip to $0.06 in July?,0.7904999999999999,0.20950000000000013,0.9993674889310563,0.0006325110689437066,0.021359023841130087
341,"Dogecoin price  on Jul 24, 2025?",Will Dogecoin dip to $0.06 in July?,0.7904999999999999,0.20950000000000013,0.9993674889310563,0.0006325110689437066,0.021359023841130087
305,"Dogecoin price  on Jul 24, 2025?",Will Dogecoin dip to $0.12 in July?,0.7929999999999999,0.20700000000000007,0.9962168978562421,0.003783102143757882,0.021124239375200027
288,"Dogecoin price  on Jul 24, 2025?",Will Dogecoin dip to $0.12 in July?,0.7929999999999999,0.20700000000000007,0.9962168978562421,0.003783102143757882,0.021124239375200027
366,"Dogecoin price  on Jul 24, 2025?",Will Dogecoin dip to $0.12 in July?,0.7929999999999999,0.20700000000000007,0.9962168978562421,0.003783102143757882,0.021124239375200027
344,"Dogecoin price  on Jul 23, 2025?",Will Dogecoin dip to $0.12 in July?,0.7929999999999999,0.20700000000000007,0.9962168978562421,0.003783102143757882,0.021124239375200027
333,"Dogecoin price  on Jul 23, 2025?",Will Dogecoin dip to $0.12 in July?,0.7929999999999999,0.20700000000000007,0.9962168978562421,0.003783102143757882,0.021124239375200027
320,"Dogecoin price  on Jul 24, 2025?",Will Dogecoin dip to $0.12 in July?,0.7929999999999999,0.20700000000000007,0.9962168978562421,0.003783102143757882,0.021124239375200027
321,"Dogecoin price  on Jul 24, 2025?",Will Dogecoin dip to $0.12 in July?,0.7929999999999999,0.20700000000000007,0.9962168978562421,0.003783102143757882,0.021124239375200027
324,"Dogecoin price  on Jul 23, 2025?",Will Dogecoin dip to $0.12 in July?,0.7929999999999999,0.20700000000000007,0.9962168978562421,0.003783102143757882,0.021124239375200027
328,"Dogecoin price  on Jul 23, 2025?",Will Dogecoin dip to $0.12 in July?,0.7929999999999999,0.20700000000000007,0.9962168978562421,0.003783102143757882,0.021124239375200027
309,"Dogecoin price  on Jul 24, 2025?",Will Dogecoin dip to $0.12 in July?,0.7929999999999999,0.20700000000000007,0.9962168978562421,0.003783102143757882,0.021124239375200027
370,"Dogecoin price  on Jul 23, 2025?",Will Dogecoin dip to $0.12 in July?,0.7929999999999999,0.20700000000000007,0.9962168978562421,0.003783102143757882,0.021124239375200027
363,"Dogecoin price  on Jul 23, 2025?",Will Dogecoin dip to $0.12 in July?,0.7929999999999999,0.20700000000000007,0.9962168978562421,0.003783102143757882,0.021124239375200027
279,"Dogecoin price  on Jul 24, 2025?",Will Dogecoin dip to $0.12 in July?,0.7929999999999999,0.20700000000000007,0.9962168978562421,0.003783102143757882,0.021124239375200027
292,"Dogecoin price  on Jul 24, 2025?",Will Dogecoin dip to $0.12 in July?,0.7929999999999999,0.20700000000000007,0.9962168978562421,0.003783102143757882,0.021124239375200027
345,"Dogecoin price  on Jul 23, 2025?",Will Dogecoin dip to $0.12 in July?,0.7929999999999999,0.20700000000000007,0.9962168978562421,0.003783102143757882,0.021124239375200027
342,"Dogecoin price  on Jul 23, 2025?",Will Dogecoin dip to $0.12 in July?,0.7929999999999999,0.20700000000000007,0.9962168978562421,0.003783102143757882,0.021124239375200027
368,"Dogecoin price  on Jul 23, 2025?",Will Dogecoin dip to $0.12 in July?,0.7929999999999999,0.20700000000000007,0.9962168978562421,0.003783102143757882,0.021124239375200027
359,"Dogecoin price  on Jul 23, 2025?",Will Dogecoin dip to $0.12 in July?,0.7929999999999999,0.20700000000000007,0.9962168978562421,0.003783102143757882,0.021124239375200027
285,"Dogecoin price  on Jul 24, 2025?",Will Dogecoin dip to $0.12 in July?,0.7929999999999999,0.20700000000000007,0.9962168978562421,0.003783102143757882,0.021124239375200027
299,"Dogecoin price  on Jul 24, 2025?",Will Dogecoin dip to $0.12 in July?,0.7929999999999999,0.20700000000000007,0.9962168978562421,0.003783102143757882,0.021124239375200027
293,"Dogecoin price  on Jul 24, 2025?",Will Dogecoin dip to $0.12 in July?,0.7929999999999999,0.20700000000000007,0.9962168978562421,0.003783102143757882,0.021124239375200027
283,"Dogecoin price  on Jul 23, 2025?",Will Dogecoin reach $0.38 in July?,0.8114999999999999,0.1885000000000001,0.9735058533579791,0.026494146642020946,0.01937327366496322
268,"Dogecoin price  on Jul 23, 2025?",Will Dogecoin reach $0.38 in July?,0.8114999999999999,0.1885000000000001,0.9735058533579791,0.026494146642020946,0.01937327366496322
264,"Dogecoin price  on Jul 24, 2025?",Will Dogecoin reach $0.38 in July?,0.8114999999999999,0.1885000000000001,0.9735058533579791,0.026494146642020946,0.01937327366496322
263,"Dogecoin price  on Jul 23, 2025?",Will Dogecoin reach $0.38 in July?,0.8114999999999999,0.1885000000000001,0.9735058533579791,0.026494146642020946,0.01937327366496322
245,"Dogecoin price  on Jul 24, 2025?",Will Dogecoin reach $0.38 in July?,0.8114999999999999,0.1885000000000001,0.9735058533579791,0.026494146642020946,0.01937327366496322
236,"Dogecoin price  on Jul 24, 2025?",Will Dogecoin reach $0.38 in July?,0.8114999999999999,0.1885000000000001,0.9735058533579791,0.026494146642020946,0.01937327366496322
250,"Dogecoin price  on Jul 24, 2025?",Will Dogecoin reach $0.38 in July?,0.8114999999999999,0.1885000000000001,0.9735058533579791,0.026494146642020946,0.01937327366496322
247,"Dogecoin price  on Jul 24, 2025?",Will Dogecoin reach $0.38 in July?,0.8114999999999999,0.1885000000000001,0.9735058533579791,0.026494146642020946,0.01937327366496322
262,"Dogecoin price  on Jul 24, 2025?",Will Dogecoin reach $0.38 in July?,0.8114999999999999,0.1885000000000001,0.9735058533579791,0.026494146642020946,0.01937327366496322
303,"Dogecoin price  on Jul 24, 2025?",Will Dogecoin reach $0.38 in July?,0.8114999999999999,0.1885000000000001,0.9735058533579791,0.026494146642020946,0.01937327366496322
281,"Dogecoin price  on Jul 24, 2025?",Will Dogecoin reach $0.38 in July?,0.8114999999999999,0.1885000000000001,0.9735058533579791,0.026494146642020946,0.01937327366496322
261,"Dogecoin price  on Jul 24, 2025?",Will Dogecoin reach $0.38 in July?,0.8114999999999999,0.1885000000000001,0.9735058533579791,0.026494146642020946,0.01937327366496322
275,"Dogecoin price  on Jul 23, 2025?",Will Dogecoin reach $0.38 in July?,0.8114999999999999,0.1885000000000001,0.9735058533579791,0.026494146642020946,0.01937327366496322
269,"Dogecoin price  on Jul 23, 2025?",Will Dogecoin reach $0.38 in July?,0.8114999999999999,0.1885000000000001,0.9735058533579791,0.026494146642020946,0.01937327366496322
271,"Dogecoin price  on Jul 23, 2025?",Will Dogecoin reach $0.38 in July?,0.8114999999999999,0.1885000000000001,0.9735058533579791,0.026494146642020946,0.01937327366496322
265,"Dogecoin price  on Jul 23, 2025?",Will Dogecoin reach $0.38 in July?,0.8114999999999999,0.1885000000000001,0.9735058533579791,0.026494146642020946,0.01937327366496322
308,"Dogecoin price  on Jul 23, 2025?",Will Dogecoin reach $0.38 in July?,0.8114999999999999,0.1885000000000001,0.9735058533579791,0.026494146642020946,0.01937327366496322
260,"Dogecoin price  on Jul 23, 2025?",Will Dogecoin reach $0.38 in July?,0.8114999999999999,0.1885000000000001,0.9735058533579791,0.026494146642020946,0.01937327366496322
258,"Dogecoin price  on Jul 23, 2025?",Will Dogecoin reach $0.38 in July?,0.8114999999999999,0.1885000000000001,0.9735058533579791,0.026494146642020946,0.01937327366496322
256,"Dogecoin price  on Jul 24, 2025?",Will Dogecoin reach $0.38 in July?,0.8114999999999999,0.1885000000000001,0.9735058533579791,0.026494146642020946,0.01937327366496322
329,"Dogecoin price  on Jul 23, 2025?",Will Dogecoin reach $0.38 in July?,0.8114999999999999,0.1885000000000001,0.9735058533579791,0.026494146642020946,0.01937327366496322
337,"Dogecoin price  on Jul 24, 2025?",Will Dogecoin reach $0.38 in July?,0.8114999999999999,0.1885000000000001,0.9735058533579791,0.026494146642020946,0.01937327366496322
365,"Dogecoin price  on Jul 23, 2025?",Will Dogecoin reach $0.38 in July?,0.8114999999999999,0.1885000000000001,0.9735058533579791,0.026494146642020946,0.01937327366496322
327,"Dogecoin price  on Jul 24, 2025?",Will Dogecoin reach $0.38 in July?,0.8114999999999999,0.1885000000000001,0.9735058533579791,0.026494146642020946,0.01937327366496322
244,"Dogecoin price  on Jul 23, 2025?",Dogecoin above $0.25 on July 25?,0.9650000000000001,0.03499999999999992,0.310880829015544,0.689119170984456,0.01734949746879022
252,"Dogecoin price  on Jul 23, 2025?",Dogecoin above $0.25 on July 25?,0.9650000000000001,0.03499999999999992,0.310880829015544,0.689119170984456,0.01734949746879022
259,"Dogecoin price  on Jul 23, 2025?",Dogecoin above $0.25 on July 25?,0.9650000000000001,0.03499999999999992,0.310880829015544,0.689119170984456,0.01734949746879022
266,"Dogecoin price range  on Jul 24, 2025?",Dogecoin above $0.25 on July 25?,0.9650000000000001,0.03499999999999992,0.310880829015544,0.689119170984456,0.01734949746879022
215,"Dogecoin price range  on Jul 24, 2025?",Dogecoin above $0.25 on July 25?,0.9650000000000001,0.03499999999999992,0.310880829015544,0.689119170984456,0.01734949746879022
75,8.0 earthquake in Aug 2025?,Earthquake 7.0 or above by August 31?,0.395,0.605,0.35443037974683544,0.6455696202531646,0.011898322434078512
223,Will Powell say Trump at his Jul 2025 press conference?,Jerome Powell out as Fed Chair by July 31?,0.9295,0.07050000000000001,0.989779451317913,0.010220548682087143,0.008552090590914219
48,"Top Album on Weekly Top Albums USA on Jul 24, 2025?","Will Tyler, The Creator's album 'DON'T TAP THE GLASS' have over 200k sales by July 25?",0.95,0.050000000000000044,0.9368421052631579,0.06315789473684211,0.008164846051901042
378,"Dogecoin price  on Jul 23, 2025?",Will Dogecoin dip to $0.06 in July?,0.9305,0.0695,0.9994626544868351,0.0005373455131649651,0.007493632171452047
349,"Dogecoin price range  on Jul 24, 2025?",Will Dogecoin dip to $0.06 in July?,0.9305,0.0695,0.9994626544868351,0.0005373455131649651,0.007493632171452047
384,"Dogecoin price range  on Jul 23, 2025?",Will Dogecoin dip to $0.06 in July?,0.9305,0.0695,0.9994626544868351,0.0005373455131649651,0.007493632171452047
334,"Dogecoin price  on Jul 23, 2025?",Will Dogecoin dip to $0.12 in July?,0.933,0.06699999999999995,0.9967845659163987,0.003215434083601286,0.007231686852367192
277,"Dogecoin price range  on Jul 24, 2025?",Will Dogecoin dip to $0.12 in July?,0.933,0.06699999999999995,0.9967845659163987,0.003215434083601286,0.007231686852367192
343,"Dogecoin price range  on Jul 23, 2025?",Will Dogecoin dip to $0.12 in July?,0.933,0.06699999999999995,0.9967845659163987,0.003215434083601286,0.007231686852367192
318,"Dogecoin price range  on Jul 24, 2025?",Will Dogecoin dip to $0.06 in July?,0.9405,0.0595,0.9994683678894206,0.000531632110579479,0.006442564469034684
358,"Dogecoin price range  on Jul 24, 2025?",Will Dogecoin dip to $0.06 in July?,0.9405,0.0595,0.9994683678894206,0.000531632110579479,0.006442564469034684
96,Will Powell say Trump at his Jul 2025 press conference?,Will Trump try to fire Powell by July 31?,0.9485,0.05149999999999999,0.9699525566684238,0.03004744333157618,0.006296957519872581
300,"Dogecoin price range  on Jul 24, 2025?",Will Dogecoin dip to $0.12 in July?,0.9430000000000001,0.05699999999999994,0.9968186638388122,0.003181336161187699,0.006178420060158452
242,"Dogecoin price range  on Jul 24, 2025?",Will Dogecoin dip to $0.12 in July?,0.9430000000000001,0.05699999999999994,0.9968186638388122,0.003181336161187699,0.006178420060158452
290,Will **real GDP** increase by more than 0.0% in Q3 2025?,Will US GDP growth in Q2 2025 be between 0% and -1%?,0.19499999999999998,0.805,0.9743589743589745,0.025641025641025647,0.005983086088470424
89,What will be LeBron James's next team?,Will LeBron James be traded this offseason?,0.29000000000000004,0.71,0.5517241379310344,0.4482758620689655,0.005978839789795298
312,Will **real GDP** increase by more than 0.0% in Q3 2025?,Will US GDP growth in Q2 2025 be between 1% and 0%?,0.20299999999999999,0.797,0.9359605911330049,0.06403940886699508,0.005937950123736657
206,Will **real GDP** increase by more than 0.0% in Q3 2025?,Negative GDP growth in Q2 2025?,0.20499999999999996,0.795,0.9268292682926831,0.07317073170731708,0.005926635053248752
95,Will **real GDP** increase by more than 0.0% in Q3 2025?,5% GDP contraction in Q3 2025?  ,0.20499999999999996,0.795,0.9268292682926831,0.07317073170731708,0.005926635053248752
369,Who will Trump talk to before Aug 2025?,Will Trump meet with Xi Jinping before August?,0.9475,0.05249999999999999,0.9920844327176782,0.007915567282321899,0.005701557535469526
226,Will **real GDP** increase by more than 0.5% in Q3 2025?,Will US GDP growth in Q2 2025 be between 0% and -1%?,0.245,0.755,0.9795918367346937,0.02040816326530612,0.005697673956303273
304,Will **real GDP** increase by more than 0.5% in Q3 2025?,Will US GDP growth in Q2 2025 be between 1% and 0%?,0.253,0.747,0.9486166007905138,0.05138339920948617,0.005651262325784723
207,Will **real GDP** increase by more than 0.5% in Q3 2025?,Negative GDP growth in Q2 2025?,0.255,0.745,0.9411764705882353,0.058823529411764705,0.00563962654582717
49,Will **real GDP** increase by more than 0.5% in Q3 2025?,5% GDP contraction in Q3 2025?  ,0.255,0.745,0.9411764705882353,0.058823529411764705,0.00563962654582717
284,"Dogecoin price range  on Jul 23, 2025?",Will Dogecoin reach $0.38 in July?,0.9515,0.04849999999999999,0.9774040987913821,0.022595901208617968,0.005276155850959086
248,"Dogecoin price range  on Jul 24, 2025?",Will Dogecoin reach $0.38 in July?,0.9515,0.04849999999999999,0.9774040987913821,0.022595901208617968,0.005276155850959086
273,"Dogecoin price  on Jul 23, 2025?",Will Dogecoin reach $0.38 in July?,0.9515,0.04849999999999999,0.9774040987913821,0.022595901208617968,0.005276155850959086
267,Will **real GDP** increase by more than 1.0% in Q3 2025?,Will US GDP growth in Q2 2025 be between 0% and -1%?,0.365,0.635,0.9863013698630138,0.0136986301369863,0.004978440390145611
314,Will **real GDP** increase by more than 1.0% in Q3 2025?,Will US GDP growth in Q2 2025 be between 1% and 0%?,0.373,0.627,0.96514745308311,0.03485254691689008,0.004928649752453218
101,Will **real GDP** increase by more than 1.0% in Q3 2025?,5% GDP contraction in Q3 2025?  ,0.375,0.625,0.9600000000000002,0.04,0.004916164226421937
136,Will Michael Bloomberg run for NYC Mayor?,Will Zohran Mamdani win the 2025 NYC mayoral election?,0.3615,0.6385000000000001,0.22130013831258646,0.7786998616874135,0.004759185167480862
42,Will **real GDP** increase by more than 0.0% in Q3 2025?,Negative GDP growth in Q3 2025?,0.43499999999999994,0.5650000000000001,0.4367816091954023,0.5632183908045978,0.004534348419459766
58,"What will the U.S. tariff rate on Japan be on Aug 1, 2025?",25% Japan tariff in effect by August 1?,0.9595,0.04049999999999998,0.9900990099009901,0.0099009900990099,0.0044210069264905005
227,"Dogecoin price range  on Jul 24, 2025?",Will Dogecoin reach $0.38 in July?,0.9615,0.03849999999999998,0.9776391055642225,0.022360894435777427,0.004206306704630958
278,"Dogecoin price range  on Jul 24, 2025?",Will Dogecoin reach $0.38 in July?,0.9615,0.03849999999999998,0.9776391055642225,0.022360894435777427,0.004206306704630958
44,Will **real GDP** increase by more than 0.5% in Q3 2025?,Negative GDP growth in Q3 2025?,0.485,0.515,0.49484536082474223,0.5051546391752577,0.004204931564596892
310,Will **real GDP** increase by more than 1.5% in Q3 2025?,Will US GDP growth in Q2 2025 be between 0% and -1%?,0.505,0.495,0.9900990099009901,0.009900990099009901,0.00407014149609175
85,How many launches will SpaceX have in 2025?,Will SpaceX have between 100-119 launches in 2025?,0.082,0.918,0.9756097560975608,0.024390243902439025,0.004053428889126298
376,"Dogecoin price range  on Jul 23, 2025?",Will Dogecoin dip to $0.12 in July?,0.963,0.03700000000000003,0.9968847352024922,0.0031152647975077885,0.004045040207220962
382,Will **real GDP** increase by more than 1.5% in Q3 2025?,Will US GDP growth in Q2 2025 be between 1% and 0%?,0.513,0.487,0.9746588693957114,0.0253411306042885,0.004015725012447069
55,Will **real GDP** increase by more than 1.5% in Q3 2025?,5% GDP contraction in Q3 2025?  ,0.515,0.485,0.970873786407767,0.029126213592233007,0.0040020756105974
57,How many launches will SpaceX have in 2025?,Will SpaceX have less than 100 launches in 2025?,0.0995,0.9005,0.8040201005025125,0.19597989949748743,0.0039962682764496105
34,How many launches will SpaceX have in 2025?,Will SpaceX have 200 or more launches in 2025?,0.10450000000000001,0.8955,0.7655502392344496,0.23444976076555024,0.0039798405782018875
39,How many launches will SpaceX have in 2025?,Will SpaceX have between 100-119 launches in 2025?,0.132,0.868,0.9848484848484846,0.015151515151515152,0.0038887113054688616
13,Will Benjamin Netanyahu meet with Ahmed al-Sharaa before Oct 2025?,Will Netanyahu meet with Ahmed al-Sharaa before August? ,0.69,0.31000000000000005,0.9855072463768116,0.014492753623188406,0.003864980378773808
25,How many launches will SpaceX have in 2025?,Will SpaceX have less than 100 launches in 2025?,0.1495,0.8505,0.8695652173913044,0.13043478260869565,0.0038300231494041714
22,How many launches will SpaceX have in 2025?,Will SpaceX have 200 or more launches in 2025?,0.1545,0.8455,0.8414239482200647,0.15857605177993528,0.003813153775751754
68,How many launches will SpaceX have in 2025?,Will SpaceX have between 140-159 launches in 2025?,0.16,0.84,0.5,0.5,0.003794544924142773
53,How many launches will SpaceX have in 2025?,Will SpaceX have between 140-159 launches in 2025?,0.21000000000000002,0.79,0.619047619047619,0.3809523809523809,0.0036227925928000726
125,How many launches will SpaceX have in 2025?,Will SpaceX have between 180-199 launches in 2025?,0.21000000000000002,0.79,0.619047619047619,0.3809523809523809,0.0036227925928000726
133,Who will be the next CEO of X?,Will no CEO be announced in 2025?,0.245,0.755,0.6530612244897959,0.34693877551020413,0.0034780644590104437
103,When will OpenAI release a web browser to the public?,Will OpenAI acquire Chrome before before August?,0.2615,0.7384999999999999,0.994263862332696,0.005736137667304015,0.003440829541363488
163,Will Jared Golden vote for releasing the Epstein files?,Trump x Epstein files made public by July 31?,0.26749999999999996,0.7325,0.8971962616822431,0.10280373831775702,0.0033981399648512767
97,Will Jared Golden vote for releasing the Epstein files?,Will Trump release more Epstein files before August?,0.268,0.732,0.8955223880597013,0.10447761194029849,0.0033963521714599487
74,Will **real GDP** increase by more than 1.0% in Q3 2025?,Negative GDP growth in Q3 2025?,0.605,0.395,0.5950413223140496,0.40495867768595045,0.003368229631271813
4,When will OpenAI release a web browser to the public?,OpenAI browser in July?,0.299,0.7010000000000001,0.8695652173913044,0.13043478260869565,0.0033049294839702092
30,Will Trump announce his new Chair of the Federal Reserve in 2025?,Will Trump announce Ron Paul as next Fed Chair in 2025?,0.3105,0.6895,0.9983896940418681,0.001610305958132045,0.0032424839544915596
118,Will **real GDP** increase by more than 2.0% in Q3 2025?,Will US GDP growth in Q2 2025 be between 0% and -1%?,0.625,0.375,0.992,0.008,0.003221883499956224
27,Will Trump announce his new Chair of the Federal Reserve in 2025?,Will Trump announce Michelle Bowman as next Fed Chair in 2025?,0.317,0.683,0.9779179810725553,0.022082018927444796,0.0032186125668596244
197,"Dogecoin price  on Jul 23, 2025?",Dogecoin all time high before 2026?,0.32799999999999996,0.672,0.5487804878048781,0.45121951219512196,0.0031977760160053492
121,Will **real GDP** increase by more than 2.0% in Q3 2025?,Will US GDP growth in Q2 2025 be between 1% and 0%?,0.633,0.367,0.9794628751974723,0.020537124802527645,0.0031627541958252348
140,Who will Trump talk to before Aug 2025?,Will Trump meet with Xi Jinping in 2025?,0.33999999999999997,0.66,0.2941176470588236,0.7058823529411764,0.0031528953703074958
119,Will **real GDP** increase by more than 2.0% in Q3 2025?,5% GDP contraction in Q3 2025?  ,0.635,0.365,0.9763779527559056,0.023622047244094488,0.003147918348102685
116,Will **real GDP** increase by more than 2.0% in Q3 2025?,Negative GDP growth in Q2 2025?,0.635,0.365,0.9763779527559056,0.023622047244094488,0.003147918348102685
217,"Dogecoin price range  on Jul 23, 2025?",Dogecoin all time high before 2026?,0.398,0.602,0.6281407035175879,0.371859296482412,0.002931324280469161
78,Will Trump impose tariffs in the first 48 hours?,Will Trump lower tariffs on Canada by December 31?,0.39449999999999996,0.6055,0.7097591888466414,0.2902408111533587,0.002926714209350978
146,Will Eric Adams drop out of the NYC Mayoral race?,Will Eric Adams finish his term as NYC mayor?,0.438,0.562,0.9132420091324202,0.0867579908675799,0.0027738216297990004
201,"Dogecoin price  on Jul 23, 2025?",Dogecoin all time high before 2026?,0.44799999999999995,0.552,0.6696428571428572,0.3303571428571429,0.002733819664421544
185,"Dogecoin price  on Jul 23, 2025?",Dogecoin all time high before 2026?,0.44799999999999995,0.552,0.6696428571428572,0.3303571428571429,0.002733819664421544
178,"Dogecoin price  on Jul 23, 2025?",Dogecoin all time high before 2026?,0.44799999999999995,0.552,0.6696428571428572,0.3303571428571429,0.002733819664421544
175,"Dogecoin price  on Jul 23, 2025?",Dogecoin all time high before 2026?,0.44799999999999995,0.552,0.6696428571428572,0.3303571428571429,0.002733819664421544
56,How many launches will SpaceX have in 2025?,Will SpaceX have between 100-119 launches in 2025?,0.45199999999999996,0.548,0.995575221238938,0.004424778761061948,0.0027177471123902563
152,Will Jared Golden vote for releasing the Epstein files?,Will Trump release more Epstein files by August 31?,0.45499999999999996,0.545,0.5274725274725275,0.47252747252747257,0.002688941515501586
38,How many launches will SpaceX have in 2025?,Will SpaceX have less than 100 launches in 2025?,0.4695,0.5305,0.9584664536741215,0.04153354632587859,0.0026469409501412855
20,How many launches will SpaceX have in 2025?,Will SpaceX have 200 or more launches in 2025?,0.4745,0.5255000000000001,0.9483667017913593,0.05163329820864068,0.0026265627988921736
37,Will Trump announce his new Chair of the Federal Reserve in 2025?,Will Trump announce Chris Waller as next Fed Chair in 2025?,0.475,0.525,0.6526315789473686,0.3473684210526316,0.00260829947547192
51,How many launches will SpaceX have in 2025?,Will SpaceX have between 140-159 launches in 2025?,0.5299999999999999,0.4700000000000001,0.849056603773585,0.15094339622641512,0.002395799518440933
122,8.0 earthquake in Aug 2025?,Earthquake 7.0 or above by July 31?,0.8999999999999999,0.10000000000000009,0.15555555555555556,0.8444444444444446,0.0023855955106328874
2,Will Lionel Messi announce their retirement in 2026?,Will Lionel Messi announce his retirement in 2025?,0.5299999999999999,0.4700000000000001,0.849056603773585,0.15094339622641512,0.0023809930404075086
35,Will Trump announce his new Chair of the Federal Reserve in 2025?,Will Trump announce Kevin Warsh as next Fed Chair in 2025?,0.5349999999999999,0.4650000000000001,0.5794392523364488,0.4205607476635515,0.0023599113439420893
148,Will **real GDP** increase by more than 2.5% in Q3 2025?,Will US GDP growth in Q2 2025 be between 0% and -1%?,0.745,0.255,0.9932885906040269,0.006711409395973154,0.0022969326302051396
72,Will **real GDP** increase by more than 1.5% in Q3 2025?,Negative GDP growth in Q3 2025?,0.745,0.255,0.6711409395973155,0.32885906040268453,0.0022969326302051396
130,Will Jared Golden vote for releasing the Epstein files?,Trump x Epstein files made public in 2025?,0.55,0.44999999999999996,0.4363636363636363,0.5636363636363636,0.00229623451783878
147,Will Michael Bloomberg run for NYC Mayor?,Will Trump endorse a candidate for NYC Mayor?,0.735,0.265,0.10884353741496598,0.891156462585034,0.0022412900599073637
159,Will **real GDP** increase by more than 2.5% in Q3 2025?,Will US GDP growth in Q2 2025 be between 1% and 0%?,0.753,0.247,0.9827357237715804,0.017264276228419657,0.0022321913418779094
153,Will **real GDP** increase by more than 2.5% in Q3 2025?,Negative GDP growth in Q2 2025?,0.755,0.245,0.980132450331126,0.01986754966887417,0.0022159417791280944
63,Will **real GDP** increase by more than 2.5% in Q3 2025?,5% GDP contraction in Q3 2025?  ,0.755,0.245,0.980132450331126,0.01986754966887417,0.0022159417791280944
111,8.0 earthquake in Aug 2025?,Megaquake before August?,0.9079999999999999,0.09200000000000008,0.9801762114537446,0.019823788546255508,0.002202694307659403
71,Will Eric Adams drop out of the NYC Mayoral race?,Will Eric Adams win the 2025 NYC mayoral election?,0.7469999999999999,0.2530000000000001,0.8701472556894245,0.12985274431057567,0.0021710135899950522
88,Will a hurricane make landfall in general United States during the 2025 hurricane season?,Will a cat 5 hurricane make US landfall during Hurricane Season 2025?,0.68,0.31999999999999995,0.8382352941176471,0.16176470588235292,0.0021379108223966714
322,"Dogecoin price range  on Jul 23, 2025?",Will Dogecoin reach $0.38 in July?,0.9814999999999999,0.018500000000000072,0.9780947529291899,0.021905247070809986,0.0020388485959819125
216,Powell leaves before 2025?,Will Trump try to fire Powell by July 31?,0.9814999999999999,0.018500000000000072,0.010188487009679064,0.9898115129903209,0.0020388485959819125
346,What will be Max Verstappen's next team?,Will Max Verstappen be the 2025 Drivers Champion?,0.6240000000000001,0.3759999999999999,0.9294871794871794,0.07051282051282048,0.0019721936992531663
8,Will Dan Bongino leave the Trump Administration this year?,Dan Bongino out as Deputy Director of the FBI by July 31?,0.6500000000000001,0.34999999999999987,0.8923076923076922,0.10769230769230768,0.0018542144177673414
23,Will Trump announce his new Chair of the Federal Reserve in 2025?,Will Trump refrain from announcing a next Fed Chair in 2025?,0.665,0.33499999999999996,0.4661654135338346,0.5338345864661653,0.001785117922268542
86,Will Eric Adams drop out of the NYC Mayoral race?,Will Eric Adams be removed as NYC mayor?,0.692,0.30800000000000005,0.939306358381503,0.060693641618497114,0.0016690886041945685
124,"Billboard Top 200 #1 on Aug 2, 2025 chart?","Will Tyler, The Creator's album 'DON'T TAP THE GLASS' have over 200k sales by July 25?",0.9900000000000001,0.009999999999999898,0.050505050505050504,0.9494949494949494,0.0016597643621756308
43,Who will Trump talk to before Aug 2025?,Trump x Elon talk before August?,0.9850000000000001,0.014999999999999902,0.9543147208121827,0.04568527918781726,0.0016556593700989275
11,The Fantastic Four: First Steps Rotten Tomatoes score?,"""The Fantastic Four: First Steps"" Rotten Tomatoes score 90+%?",0.9920000000000001,0.007999999999999896,0.01008064516129032,0.9899193548387096,0.0015949044392058465
127,Will Eric Adams drop out of the NYC Mayoral race?,Will Eric Adams win second place in the 2025 NYC mayoral election?,0.835,0.16500000000000004,0.778443113772455,0.22155688622754494,0.00146955072351318
50,Will Curtis Sliwa drop out of the NYC Mayoral race?,Will Curtis Sliwa win the 2025 NYC mayoral election?,0.8410000000000001,0.15899999999999992,0.9750297265160522,0.024970273483947685,0.00141982973938104
179,"Dogecoin price  on Jul 24, 2025?",Dogecoin all time high before 2026?,0.748,0.252,0.802139037433155,0.1978609625668449,0.0013968894796061448
168,"Dogecoin price  on Jul 24, 2025?",Dogecoin all time high before 2026?,0.748,0.252,0.802139037433155,0.1978609625668449,0.0013968894796061448
172,"Dogecoin price  on Jul 24, 2025?",Dogecoin all time high before 2026?,0.748,0.252,0.802139037433155,0.1978609625668449,0.0013968894796061448
186,"Dogecoin price  on Jul 24, 2025?",Dogecoin all time high before 2026?,0.748,0.252,0.802139037433155,0.1978609625668449,0.0013968894796061448
165,"Dogecoin price  on Jul 24, 2025?",Dogecoin all time high before 2026?,0.748,0.252,0.802139037433155,0.1978609625668449,0.0013968894796061448
340,Will Mike Johnson vote for releasing the Epstein files?,Will Trump release more Epstein files before August?,0.748,0.252,0.9625668449197863,0.0374331550802139,0.0013882607224875443
94,Will **real GDP** increase by more than 4.0% in Q3 2025?,Negative GDP growth in Q3 2025?,0.8549999999999999,0.14500000000000013,0.1169590643274854,0.8830409356725146,0.0013686593666266678
26,Paetongtarn Shinawatra out this year?,Paetongtarn Shinawatra out as Prime Minister of Thailand in July?,0.9880000000000001,0.0119999999999999,0.9817813765182187,0.018218623481781375,0.0013262754892751083
126,Powell leaves before 2025?,Will Trump try to fire Powell in 2025?,0.7649999999999999,0.2350000000000001,0.013071895424836603,0.9869281045751636,0.0013118595500809516
110,Will Jared Golden vote for releasing the Epstein files?,Will Trump release more Epstein files in 2025?,0.765,0.235,0.31372549019607837,0.6862745098039216,0.0013037563750799563
77,Will **real GDP** increase by more than 2.0% in Q3 2025?,Negative GDP growth in Q3 2025?,0.865,0.135,0.7167630057803469,0.28323699421965315,0.0012799361061377468
98,Will **real GDP** increase by more than 3.0% in Q3 2025?,5% GDP contraction in Q3 2025?  ,0.865,0.135,0.9826589595375723,0.017341040462427744,0.0012799361061377468
128,Will there be more than 1700 measles cases in 2025?,Will there be at least 1400 measles cases in the U.S. in 2025?,0.795,0.20499999999999996,0.7169811320754718,0.2830188679245283,0.0011517712175213024
389,Will Elise Stefanik vote for releasing the Epstein files?,Will Trump release more Epstein files before August?,0.798,0.20199999999999996,0.9649122807017544,0.03508771929824561,0.001136366386131682
231,Will Dan Crenshaw vote for releasing the Epstein files?,Will Trump release more Epstein files before August?,0.798,0.20199999999999996,0.9649122807017544,0.03508771929824561,0.001136366386131682
82,8.0 earthquake in Aug 2025?,Megaquake in 2025?,0.805,0.19499999999999995,0.17391304347826084,0.8260869565217391,0.0011071104406732424
339,Will Dan Crenshaw vote for releasing the Epstein files?,Will Trump release more Epstein files in 2025?,0.805,0.19499999999999995,0.40993788819875776,0.5900621118012422,0.0011002726673496888
196,What will be LeBron James's next team?,Will LeBron James be traded this offseason?,0.9000000000000001,0.09999999999999987,0.033333333333333326,0.9666666666666666,0.0010595629384364535
209,What will be LeBron James's next team?,Will LeBron James be traded this offseason?,0.9000000000000001,0.09999999999999987,0.033333333333333326,0.9666666666666666,0.0010595629384364535
141,What will be LeBron James's next team?,Will LeBron James be traded this offseason?,0.9000000000000001,0.09999999999999987,0.033333333333333326,0.9666666666666666,0.0010595629384364535
189,What will be LeBron James's next team?,Will LeBron James be traded this offseason?,0.9000000000000001,0.09999999999999987,0.033333333333333326,0.9666666666666666,0.0010595629384364535
104,What will be LeBron James's next team?,Will LeBron James be traded this offseason?,0.9000000000000001,0.09999999999999987,0.033333333333333326,0.9666666666666666,0.0010595629384364535
102,What will be LeBron James's next team?,Will LeBron James be traded this offseason?,0.9000000000000001,0.09999999999999987,0.033333333333333326,0.9666666666666666,0.0010595629384364535
145,What will be LeBron James's next team?,Will LeBron James be traded this offseason?,0.9000000000000001,0.09999999999999987,0.033333333333333326,0.9666666666666666,0.0010595629384364535
107,What will be LeBron James's next team?,Will LeBron James be traded this offseason?,0.9000000000000001,0.09999999999999987,0.033333333333333326,0.9666666666666666,0.0010595629384364535
131,What will be LeBron James's next team?,Will LeBron James be traded this offseason?,0.9000000000000001,0.09999999999999987,0.033333333333333326,0.9666666666666666,0.0010595629384364535
120,What will be LeBron James's next team?,Will LeBron James be traded this offseason?,0.9000000000000001,0.09999999999999987,0.033333333333333326,0.9666666666666666,0.0010595629384364535
154,What will be LeBron James's next team?,Will LeBron James be traded this offseason?,0.9000000000000001,0.09999999999999987,0.033333333333333326,0.9666666666666666,0.0010595629384364535
137,What will be LeBron James's next team?,Will LeBron James be traded this offseason?,0.9000000000000001,0.09999999999999987,0.033333333333333326,0.9666666666666666,0.0010595629384364535
135,What will be LeBron James's next team?,Will LeBron James be traded this offseason?,0.9000000000000001,0.09999999999999987,0.033333333333333326,0.9666666666666666,0.0010595629384364535
132,What will be LeBron James's next team?,Will LeBron James be traded this offseason?,0.9000000000000001,0.09999999999999987,0.033333333333333326,0.9666666666666666,0.0010595629384364535
87,What will be LeBron James's next team?,Will LeBron James be traded this offseason?,0.9000000000000001,0.09999999999999987,0.033333333333333326,0.9666666666666666,0.0010595629384364535
144,What will be LeBron James's next team?,Will LeBron James be traded this offseason?,0.9000000000000001,0.09999999999999987,0.033333333333333326,0.9666666666666666,0.0010595629384364535
117,What will be LeBron James's next team?,Will LeBron James be traded this offseason?,0.9000000000000001,0.09999999999999987,0.033333333333333326,0.9666666666666666,0.0010595629384364535
158,What will be LeBron James's next team?,Will LeBron James be traded this offseason?,0.9000000000000001,0.09999999999999987,0.033333333333333326,0.9666666666666666,0.0010595629384364535
108,What will be LeBron James's next team?,Will LeBron James be traded this offseason?,0.9000000000000001,0.09999999999999987,0.033333333333333326,0.9666666666666666,0.0010595629384364535
142,What will be LeBron James's next team?,Will LeBron James be traded this offseason?,0.9000000000000001,0.09999999999999987,0.033333333333333326,0.9666666666666666,0.0010595629384364535
138,What will be LeBron James's next team?,Will LeBron James be traded this offseason?,0.9000000000000001,0.09999999999999987,0.033333333333333326,0.9666666666666666,0.0010595629384364535
129,What will be LeBron James's next team?,Will LeBron James be traded this offseason?,0.9000000000000001,0.09999999999999987,0.033333333333333326,0.9666666666666666,0.0010595629384364535
109,What will be LeBron James's next team?,Will LeBron James be traded this offseason?,0.9000000000000001,0.09999999999999987,0.033333333333333326,0.9666666666666666,0.0010595629384364535
113,What will be LeBron James's next team?,Will LeBron James be traded this offseason?,0.9000000000000001,0.09999999999999987,0.033333333333333326,0.9666666666666666,0.0010595629384364535
112,What will be LeBron James's next team?,Will LeBron James be traded this offseason?,0.9000000000000001,0.09999999999999987,0.033333333333333326,0.9666666666666666,0.0010595629384364535
62,How many Senators vote to confirm  as U.N. Ambassador?,Will Mike Waltz receive 49 YEA votes in his UN Ambassador confirmation vote?,0.8144999999999999,0.1855000000000001,0.9576427255985268,0.042357274401473306,0.0010574818862070234
214,Will Novak Djokovic announce their retirement in 2025?,Will Novak Djokovic win a Major in 2025?,0.815,0.18500000000000005,0.9202453987730064,0.07975460122699388,0.0010548589204695258
99,Powell leaves before 2025?,Will Trump try to fire Powell in 2025?,0.815,0.18500000000000005,0.07361963190184048,0.9263803680981595,0.0010548589204695258
347,"Dogecoin price  on Jul 24, 2025?",Will Dogecoin dip to $0.06 in July?,0.9904999999999999,0.009500000000000064,0.9994952044422009,0.0005047955577990915,0.0010511252420759565
0,Pam Bondi out as Attorney General of the United States before Jan 2026?,Pam Bondi out as Attorney General in July?,0.8285,0.17149999999999999,0.9897404948702475,0.010259505129752565,0.000977545257607737
169,What will be LeBron James's next team?,Will LeBron James be traded this offseason?,0.9100000000000001,0.08999999999999986,0.04395604395604395,0.9560439560439559,0.0009579885364001672
162,Who will Trump talk to before Aug 2025?,Will Trump meet with Vladimir Putin in 2025?,0.835,0.16500000000000004,0.251497005988024,0.748502994011976,0.0009490282228048486
32,Powell leaves before 2025?,Jerome Powell out as Fed Chair in 2025?,0.835,0.16500000000000004,0.011976047904191617,0.9880239520958083,0.0009490282228048486
66,How many Senators vote to confirm  as U.N. Ambassador?,Will Mike Waltz receive fewer than 49 YEA votes in his UN Ambassador confirmation vote?,0.8399999999999999,0.16000000000000014,0.9285714285714286,0.07142857142857144,0.0009222884324804337
65,Will **real GDP** increase by more than 3.5% in Q3 2025?,Negative GDP growth in Q3 2025?,0.9049999999999999,0.09500000000000008,0.16574585635359115,0.8342541436464089,0.0009171310477997796
204,Will Jim Jordan vote for releasing the Epstein files?,Will Steve Bannon be in the Epstein Files?,0.8400000000000001,0.15999999999999992,0.8690476190476191,0.13095238095238093,0.0009165926856631312
114,How many launches will SpaceX have in 2025?,Will SpaceX have between 160-179 launches in 2025?,0.845,0.15500000000000003,0.7218934911242603,0.2781065088757396,0.000895433854117611
161,How many launches will SpaceX have in 2025?,Will SpaceX have between 160-179 launches in 2025?,0.845,0.15500000000000003,0.09467455621301775,0.9053254437869822,0.000895433854117611
59,Will Powell say Trump at his Jul 2025 press conference?,Will Trump try to fire Powell in 2025?,0.8449999999999999,0.15500000000000014,0.10650887573964499,0.893491124260355,0.000895433854117611
202,Will Steve Scalise vote for releasing the Epstein files?,Will Steve Bannon be in the Epstein Files?,0.85,0.15000000000000002,0.8705882352941177,0.12941176470588234,0.0008631002962322665
297,"Dogecoin price  on Jul 24, 2025?",Will Dogecoin dip to $0.12 in July?,0.993,0.007000000000000006,0.9969788519637461,0.0030211480362537764,0.0007753686359042167
352,"Dogecoin price  on Jul 24, 2025?",Will Dogecoin dip to $0.12 in July?,0.993,0.007000000000000006,0.9969788519637461,0.0030211480362537764,0.0007753686359042167
28,Will Kash Patel leave the Trump Administration this year?,Kash Patel out by July 31?,0.87,0.13,0.9885057471264368,0.011494252873563218,0.0007547144853958798
31,Powell leaves before 2025?,Jerome Powell out as Fed Chair by July 31?,0.9694999999999999,0.030500000000000083,0.9902011346054669,0.009798865394533264,0.0007513851822293915
1,Pam Bondi out as Attorney General of the United States before Jan 2026?,Pam Bondi out as Attorney General by August 31?,0.8710000000000001,0.1289999999999999,0.941446613088404,0.05855338691159585,0.0007492452673694139
157,Who will be the next CEO of X?,Will He Xiaopeng be announced as the next CEO of Tesla?,0.8720000000000001,0.1279999999999999,0.9977064220183485,0.002293577981651376,0.0007437712328228763
149,Who will be the next CEO of X?,Will Zach Kirkhorn be announced as the next CEO of Tesla?,0.8730000000000001,0.1269999999999999,0.9965635738831614,0.003436426116838488,0.0007382923732381919
36,Powell leaves before 2025?,Jerome Powell out as Fed Chair by August 31?,0.9709999999999999,0.029000000000000137,0.010298661174047376,0.9897013388259526,0.0007332804328921139
155,Who will be the next CEO of X?,Will William Li be announced as the next CEO of Tesla?,0.8740000000000001,0.1259999999999999,0.9954233409610983,0.004576659038901601,0.0007328086800761913
54,"Who will President Trump pardon before Jan 1, 2026?",Will Trump pardon Himself in 2025?,0.875,0.125,0.9485714285714285,0.051428571428571435,0.0007273201447737243
355,Will Dan Crenshaw vote for releasing the Epstein files?,Will Steve Bannon be in the Epstein Files?,0.88,0.12,0.875,0.125,0.0006998045348616255
24,Powell leaves before 2025?,Jerome Powell out as Fed Chair in 2025?,0.885,0.11499999999999999,0.06779661016949151,0.9322033898305084,0.0006763429330292059
115,What will be LeBron James's next team?,Will LeBron James be traded this offseason?,0.9400000000000001,0.05999999999999994,0.07446808510638296,0.925531914893617,0.0006476419420260449
40,Will the US agree to a new Iranian nuclear deal this year?,US-Iran nuclear deal before August?,0.8894999999999998,0.11050000000000015,0.9893198426082069,0.010680157391793144,0.0006471868928532576
100,Will Powell say Trump at his Jul 2025 press conference?,Will Trump try to fire Powell by August 31?,0.975,0.025000000000000022,0.09230769230769231,0.9076923076923077,0.0006333443904888991
83,"Who will President Trump pardon before Jan 1, 2026?",Will Trump pardon Derek Chauvin in 2025?,0.8999999999999999,0.10000000000000009,0.9222222222222223,0.07777777777777779,0.0005885075458909039
93,"Who will President Trump pardon before Jan 1, 2026?",Will Trump pardon Eric Adams in 2025?,0.8999999999999999,0.10000000000000009,0.9222222222222223,0.07777777777777779,0.0005885075458909039
76,Will the US agree to a new Iranian nuclear deal this year?,US-Iran nuclear deal in 2025?,0.905,0.09499999999999997,0.22099447513812154,0.7790055248618784,0.0005603690670570316
60,Will **real GDP** increase by more than 3.5% in Q3 2025?,5% GDP contraction in Q3 2025?  ,0.9450000000000001,0.05499999999999994,0.9841269841269842,0.015873015873015872,0.0005409620948022553
91,"Who will President Trump pardon before Jan 1, 2026?",Will Trump pardon Diddy in 2025?,0.9099999999999999,0.09000000000000008,0.9120879120879121,0.08791208791208792,0.0005321026042999222
160,Will Powell say Trump at his Jul 2025 press conference?,Jerome Powell out as Fed Chair in 2025?,0.9149999999999999,0.08500000000000008,0.09836065573770493,0.9016393442622951,0.0005068363919231711
9,Keir Starmer out this year?,Starmer out in 2025?,0.915,0.08499999999999996,0.02185792349726776,0.9781420765027322,0.0005068363919231711
7,"Who will President Trump pardon before Jan 1, 2026?",Will Trump pardon Ghislaine Maxwell in 2025?,0.9205,0.07950000000000002,0.9016838674633352,0.09831613253666485,0.0004723212059127846
41,Will a hurricane make landfall in General United States during the 2025 hurricane season?,Will a cat 5 hurricane make US landfall during Hurricane Season 2025?,0.94,0.06000000000000005,0.8829787234042552,0.11702127659574468,0.00044832283684081986
143,What will be LeBron James's next team?,Will LeBron James be traded this offseason?,0.9600000000000001,0.039999999999999925,0.09374999999999999,0.90625,0.00043588067008681897
193,"Dogecoin price  on Jul 23, 2025?",Dogecoin all time high before 2026?,0.938,0.062000000000000055,0.8422174840085287,0.15778251599147122,0.00037369665701714183
171,"Dogecoin price  on Jul 24, 2025?",Dogecoin all time high before 2026?,0.938,0.062000000000000055,0.8422174840085287,0.15778251599147122,0.00037369665701714183
166,"Dogecoin price  on Jul 24, 2025?",Dogecoin all time high before 2026?,0.938,0.062000000000000055,0.8422174840085287,0.15778251599147122,0.00037369665701714183
173,"Dogecoin price  on Jul 23, 2025?",Dogecoin all time high before 2026?,0.938,0.062000000000000055,0.8422174840085287,0.15778251599147122,0.00037369665701714183
177,"Dogecoin price  on Jul 23, 2025?",Dogecoin all time high before 2026?,0.938,0.062000000000000055,0.8422174840085287,0.15778251599147122,0.00037369665701714183
183,"Dogecoin price  on Jul 23, 2025?",Dogecoin all time high before 2026?,0.938,0.062000000000000055,0.8422174840085287,0.15778251599147122,0.00037369665701714183
199,"Dogecoin price  on Jul 23, 2025?",Dogecoin all time high before 2026?,0.938,0.062000000000000055,0.8422174840085287,0.15778251599147122,0.00037369665701714183
203,"Dogecoin price  on Jul 23, 2025?",Dogecoin all time high before 2026?,0.938,0.062000000000000055,0.8422174840085287,0.15778251599147122,0.00037369665701714183
194,"Dogecoin price  on Jul 23, 2025?",Dogecoin all time high before 2026?,0.938,0.062000000000000055,0.8422174840085287,0.15778251599147122,0.00037369665701714183
191,"Dogecoin price  on Jul 23, 2025?",Dogecoin all time high before 2026?,0.938,0.062000000000000055,0.8422174840085287,0.15778251599147122,0.00037369665701714183
188,"Dogecoin price  on Jul 24, 2025?",Dogecoin all time high before 2026?,0.938,0.062000000000000055,0.8422174840085287,0.15778251599147122,0.00037369665701714183
187,"Dogecoin price  on Jul 24, 2025?",Dogecoin all time high before 2026?,0.938,0.062000000000000055,0.8422174840085287,0.15778251599147122,0.00037369665701714183
176,"Dogecoin price  on Jul 23, 2025?",Dogecoin all time high before 2026?,0.938,0.062000000000000055,0.8422174840085287,0.15778251599147122,0.00037369665701714183
195,"Dogecoin price  on Jul 23, 2025?",Dogecoin all time high before 2026?,0.938,0.062000000000000055,0.8422174840085287,0.15778251599147122,0.00037369665701714183
180,"Dogecoin price  on Jul 24, 2025?",Dogecoin all time high before 2026?,0.938,0.062000000000000055,0.8422174840085287,0.15778251599147122,0.00037369665701714183
182,"Dogecoin price  on Jul 24, 2025?",Dogecoin all time high before 2026?,0.938,0.062000000000000055,0.8422174840085287,0.15778251599147122,0.00037369665701714183
184,"Dogecoin price  on Jul 24, 2025?",Dogecoin all time high before 2026?,0.938,0.062000000000000055,0.8422174840085287,0.15778251599147122,0.00037369665701714183
213,"Dogecoin price  on Jul 23, 2025?",Dogecoin all time high before 2026?,0.938,0.062000000000000055,0.8422174840085287,0.15778251599147122,0.00037369665701714183
198,"Dogecoin price  on Jul 23, 2025?",Dogecoin all time high before 2026?,0.938,0.062000000000000055,0.8422174840085287,0.15778251599147122,0.00037369665701714183
208,"Dogecoin price  on Jul 24, 2025?",Dogecoin all time high before 2026?,0.938,0.062000000000000055,0.8422174840085287,0.15778251599147122,0.00037369665701714183
181,"Dogecoin price  on Jul 24, 2025?",Dogecoin all time high before 2026?,0.938,0.062000000000000055,0.8422174840085287,0.15778251599147122,0.00037369665701714183
167,"Dogecoin price  on Jul 24, 2025?",Dogecoin all time high before 2026?,0.938,0.062000000000000055,0.8422174840085287,0.15778251599147122,0.00037369665701714183
164,"Dogecoin price  on Jul 24, 2025?",Dogecoin all time high before 2026?,0.938,0.062000000000000055,0.8422174840085287,0.15778251599147122,0.00037369665701714183
170,"Dogecoin price  on Jul 24, 2025?",Dogecoin all time high before 2026?,0.938,0.062000000000000055,0.8422174840085287,0.15778251599147122,0.00037369665701714183
123,Will there be more than 1700 measles cases in 2025?,Will there be at least 1500 measles cases in the U.S. in 2025?,0.9400000000000001,0.05999999999999994,0.6063829787234043,0.3936170212765957,0.00035974931231774754
46,Will the US agree to a new Iranian nuclear deal this year?,US-Iran nuclear deal before September?,0.9449999999999998,0.05500000000000016,0.9312169312169313,0.06878306878306881,0.0003305531819508545
156,Powell leaves before 2025?,Will Trump try to fire Powell by July 31?,0.9884999999999999,0.011500000000000066,0.9711684370257966,0.028831562974203345,0.000285900302344988
5,When will OpenAI release a web browser to the public?,OpenAI browser in 2025?,0.955,0.04500000000000004,0.27225130890052357,0.7277486910994764,0.00027343418014313947
233,Who will be the next CEO of X?,New X CEO announced by July 31?,0.9549999999999998,0.04500000000000015,0.010471204188481678,0.9895287958115184,0.00027174608551905344
90,Who will be the next CEO of X?,New X CEO announced by July 31?,0.9549999999999998,0.04500000000000015,0.010471204188481678,0.9895287958115184,0.00027174608551905344
150,"Will a bill supporting a de minimis tax exemption for crypto trading law before Jan 1, 2026?",Trump enacts a de minimis crypto tax exemption before 2026?,0.955,0.04500000000000004,0.2617801047120419,0.7382198952879581,0.00027174608551905344
61,Will **real GDP** increase by more than 3.0% in Q3 2025?,Negative GDP growth in Q3 2025?,0.9749999999999999,0.025000000000000133,0.22564102564102564,0.7743589743589744,0.00024945143703214434
105,8.0 earthquake in Aug 2025?,Megaquake by August 31?,0.9899999999999999,0.01000000000000012,0.8989898989898989,0.10101010101010102,0.0002487892142337689
67,How many Senators vote to confirm  as U.N. Ambassador?,Will Mike Waltz receive 49 YEA votes in his UN Ambassador confirmation vote?,0.9745,0.025499999999999967,0.9645972293483838,0.03540277065161622,0.00015641160077239924
174,"Will any another member of the U.S. Senate issue accuse Jeffrey Epstein of working for the Mossad before Aug 1, 2025?",Epstein or Maxwell confirmed Mossad operatives in 2025?,0.9750000000000001,0.02499999999999991,0.9435897435897437,0.056410256410256404,0.00015338202635684084
229,Who will be the next CEO of X?,New X CEO announced by July 31?,0.9749999999999999,0.025000000000000133,0.03076923076923077,0.9692307692307691,0.00015243515156559972
19,Will the Washington Commanders be renamed to the Washington Redskins in 2025?,"Will Washington change name to ""Redskins"" in 2025?",0.9750000000000001,0.02499999999999991,0.9435897435897437,0.056410256410256404,0.00015243515156559972
69,Will **real GDP** increase by more than 2.5% in Q3 2025?,Negative GDP growth in Q3 2025?,0.985,0.015000000000000013,0.7512690355329951,0.2487309644670051,0.00015040133433608105
351,Will **real GDP** increase by more than 4.0% in Q3 2025?,Will US GDP growth in Q2 2025 be between 0% and -1%?,0.985,0.015000000000000013,0.9949238578680204,0.005076142131979695,0.00015040133433608105
139,Who will be the next CEO of X?,Will Keith Coleman be the next CEO of X?,0.9795,0.020499999999999963,0.010209290454313425,0.9897907095456867,0.00012527144623075692
190,Who will be the next CEO of X?,Will John Nitti be the next CEO of X?,0.9799999999999999,0.02000000000000013,0.010204081632653062,0.9897959183673469,0.00012224591152243391
212,"Dogecoin price range  on Jul 23, 2025?",Dogecoin all time high before 2026?,0.982,0.018000000000000016,0.13238289205702647,0.8676171079429734,0.00011081308421267977
79,How many Senators vote to confirm  as U.N. Ambassador?,Will Mike Waltz receive 49 YEA votes in his UN Ambassador confirmation vote?,0.9845,0.015499999999999958,0.9649568308786185,0.03504316912138142,9.553935886286169e-05
3,Will Shaun Maguire leave Sequoia in 2025?,Shaun Maguire out at Sequoia in 2025?,0.9850000000000001,0.014999999999999902,0.883248730964467,0.116751269035533,9.248013002194355e-05
64,Kim Jong Un out this year?,Kim Jong Un out as Supreme Leader of North Korea in 2025?,0.9850000000000002,0.014999999999999791,0.05076142131979695,0.949238578680203,9.248013002194355e-05
45,Will the CEO of State Farm testify in front of Congress before Jan 2026?,Will Ghislaine Maxwell testify before Congress in 2025?,0.985,0.015000000000000013,0.4873096446700507,0.5126903553299492,9.190923878876767e-05
192,Will there be more than 1700 measles cases in 2025?,"1,350+ Measles cases in U.S. before August?",0.9850000000000001,0.014999999999999902,0.9543147208121827,0.04568527918781726,9.190923878876767e-05
151,Who will be the next CEO of X?,Musk out as Tesla CEO in 2025?,0.9850000000000001,0.014999999999999902,0.883248730964467,0.116751269035533,9.190923878876767e-05
289,Who will be the next CEO of X?,New X CEO announced by July 31?,0.9850000000000001,0.014999999999999902,0.9441624365482234,0.05583756345177664,9.190923878876767e-05
381,Will **real GDP** increase by more than 4.0% in Q3 2025?,Will US GDP growth in Q2 2025 be between 1% and 0%?,0.993,0.007000000000000006,0.9869083585095669,0.01309164149043303,7.046322722903398e-05
52,How many Senators vote to confirm  as U.N. Ambassador?,Will Mike Waltz receive fewer than 49 YEA votes in his UN Ambassador confirmation vote?,0.9900000000000001,0.009999999999999898,0.050505050505050504,0.9494949494949494,6.180520708776172e-05
73,How many Senators vote to confirm  as U.N. Ambassador?,Will Mike Waltz receive fewer than 49 YEA votes in his UN Ambassador confirmation vote?,0.9900000000000001,0.009999999999999898,0.050505050505050504,0.9494949494949494,6.180520708776172e-05
80,How many Senators vote to confirm  as U.N. Ambassador?,Will Mike Waltz receive fewer than 49 YEA votes in his UN Ambassador confirmation vote?,0.9900000000000001,0.009999999999999898,0.050505050505050504,0.9494949494949494,6.180520708776172e-05
21,Who will be the next CEO of X?,Will Mahmoud Reza Banki be the next CEO of X?,0.9904999999999999,0.009500000000000064,0.9187279151943462,0.08127208480565372,5.836688087734743e-05
106,Will **real GDP** increase by more than 4.0% in Q3 2025?,5% GDP contraction in Q3 2025?  ,0.995,0.0050000000000000044,0.9849246231155778,0.015075376884422108,5.038047623573405e-05
84,Who will win the Nobel Peace Prize?,Will Donald Trump win Nobel Peace Prize in 2025?,0.9924999999999999,0.007500000000000062,0.05037783375314862,0.9496221662468514,4.641110701619766e-05
225,Who will win the Nobel Peace Prize?,Will Donald Trump win Nobel Peace Prize in 2025?,0.9924999999999999,0.007500000000000062,0.05037783375314862,0.9496221662468514,4.641110701619766e-05
18,Will Andy Byron sue Coldplay before 2026?,Will Astronomer CEO Andy Byron sue Coldplay?,0.9924999999999999,0.007500000000000062,0.9874055415617129,0.012594458438287154,4.612461209418939e-05
311,Kim Jong Un out this year?,Will Kim Jong Un be the first leader out in 2025?,0.994,0.006000000000000005,0.9959758551307847,0.004024144869215292,3.715641498769351e-05
70,How many Senators vote to confirm  as U.N. Ambassador?,Will Mike Waltz receive 49 YEA votes in his UN Ambassador confirmation vote?,0.9944999999999999,0.00550000000000006,0.9653092006033183,0.03469079939668176,3.406846994802315e-05
47,How many Senators vote to confirm  as U.N. Ambassador?,Will Mike Waltz receive 49 YEA votes in his UN Ambassador confirmation vote?,0.9944999999999999,0.00550000000000006,0.9653092006033183,0.03469079939668176,3.406846994802315e-05
29,"Will Ghislaine Maxwell be released from government custody before Jan 1, 2026?",Ghislaine Maxwell released from custody in 2025?,0.9949999999999999,0.0050000000000001155,0.9045226130653268,0.09547738693467338,3.0787767211659656e-05
6,Will Meta release Llama 5 before Jan 2026?,Meta releases Llama 5 in 2025?,0.9950000000000001,0.004999999999999893,0.3115577889447236,0.6884422110552764,3.0787767211659656e-05
33,Powell leaves before 2025?,Jerome Powell out as Fed Chair by August 31?,0.999,0.0010000000000000009,0.9609609609609608,0.039039039039039033,2.498782051740811e-05
210,Who will be the next CEO of X?,Will Jack Dorsey be the next CEO of X?,0.9984999999999999,0.0015000000000000568,0.010015022533800702,0.9899849774661993,9.252364554290793e-06
